line_item_id,transaction_id,product_id,promotion_id,quantity,line_item_amount,reject_reason
5,2,P52,3,-1,-648.15,negative value in quantity
12,5,P15,,-1,-4319.4,negative value in quantity
23,8,P38,,-1,-3833.61,negative value in quantity
33,13,P75,,-1,-2055.06,negative value in quantity
49,,P41,2,2,6327.94,null transaction_id
67,24,P30,,-1,-3866.13,negative value in quantity
82,,INVALID_P,,5,5762.5,null transaction_id
99,36,P13,,-1,-2518.23,negative value in quantity
103,37,P28,3,-1,-4435.46,negative value in quantity
111,39,P3,4,-1,-800.07,negative value in quantity
115,39,P55,,-1,-4053.2,negative value in quantity
135,46,P54,2,-1,-4928.07,negative value in quantity
136,46,P57,4,-1,-1280.27,negative value in quantity
143,47,P46,,-1,-891.59,negative value in quantity
145,48,P42,,-1,-4224.18,negative value in quantity
155,51,P56,,-1,-1273.32,negative value in quantity
158,51,P26,1,-1,-3433.39,negative value in quantity
160,52,P21,3,-1,-3019.85,negative value in quantity
169,53,P34,4,4,,null line_item_amount
170,53,P70,4,-1,-4825.38,negative value in quantity
174,54,P45,,-1,-1932.18,negative value in quantity
213,63,P43,,-1,-2587.55,negative value in quantity
217,65,P52,,-1,-648.15,negative value in quantity
226,68,P67,2,-1,-909.12,negative value in quantity
270,82,P72,,1,,null line_item_amount
272,82,P25,3,-1,-4717.91,negative value in quantity
284,88,P78,5,-1,-4508.11,negative value in quantity
296,91,P41,,-1,-3163.97,negative value in quantity
312,95,P1,3,-1,-4434.95,negative value in quantity
324,98,P71,3,-1,-4651.68,negative value in quantity
330,100,P24,2,-1,-2810.81,negative value in quantity
339,103,P67,4,-1,-909.12,negative value in quantity
350,106,P74,3,-1,-35934.5,negative value in quantity
363,110,P34,,-1,-115.9,negative value in quantity
378,114,P55,,-1,-4053.2,negative value in quantity
381,116,P54,2,-1,-4928.07,negative value in quantity
423,128,P26,,-1,-3433.39,negative value in quantity
444,133,P32,,-1,-1538.15,negative value in quantity
445,134,P60,,-1,-3686.35,negative value in quantity
500,151,P8,1,-1,-2199.33,negative value in quantity
521,160,P44,1,-1,-1074.66,negative value in quantity
524,160,P29,1,-1,-3779.3,negative value in quantity
532,162,P21,,-1,-3019.85,negative value in quantity
547,167,P74,,-1,-3593.45,negative value in quantity
555,169,P77,,-1,-1929.76,negative value in quantity
598,183,P20,,-1,-1985.36,negative value in quantity
603,184,P69,3,-1,-3072.31,negative value in quantity
613,187,P50,4,-1,-3034.83,negative value in quantity
614,187,P48,4,-1,-4619.93,negative value in quantity
620,190,P11,1,-1,-4986.9,negative value in quantity
624,191,P63,,-1,-2710.26,negative value in quantity
648,196,P20,,-1,-1985.36,negative value in quantity
649,196,P74,,-1,-3593.45,negative value in quantity
694,208,P74,2,-1,-3593.45,negative value in quantity
721,215,P51,4,-1,-2494.17,negative value in quantity
727,218,P54,,-1,-4928.07,negative value in quantity
728,219,P1,,-1,-4434.95,negative value in quantity
738,222,P13,,-1,-2518.23,negative value in quantity
742,224,P51,,-1,-2494.17,negative value in quantity
746,226,P52,,-1,-648.15,negative value in quantity
751,227,P68,,-1,-2685.6,negative value in quantity
771,233,P68,,-1,-2685.6,negative value in quantity
772,233,P29,,-1,-3779.3,negative value in quantity
778,235,P52,3,-1,-648.15,negative value in quantity
794,240,P17,,-1,-883.91,negative value in quantity
808,246,P54,3,-1,-4928.07,negative value in quantity
819,250,P55,,-1,-4053.2,negative value in quantity
823,253,P52,,-1,-648.15,negative value in quantity
827,254,P67,3,-1,-909.12,negative value in quantity
832,256,P74,,-1,-3593.45,negative value in quantity
837,258,P32,4,-1,-1538.15,negative value in quantity
841,259,P41,,-1,-3163.97,negative value in quantity
850,261,P48,,-1,-4619.93,negative value in quantity
861,265,P76,4,-1,-3391.27,negative value in quantity
876,272,P26,1,-1,-3433.39,negative value in quantity
879,272,P47,,-1,-4772.15,negative value in quantity
880,272,P52,3,-1,-648.15,negative value in quantity
882,274,P20,,-1,-1985.36,negative value in quantity
885,276,INVALID_P,1,-1,-1159.06,negative value in quantity
892,278,P29,1,-1,-3779.3,negative value in quantity
896,279,P55,1,-1,-4053.2,negative value in quantity
906,283,P72,,-1,-3800.8,negative value in quantity
911,286,P55,,-1,-4053.2,negative value in quantity
914,286,P5,1,-1,-3750.45,negative value in quantity
951,297,P59,,-1,-485.91,negative value in quantity
958,301,INVALID_P,,-1,-281.32,negative value in quantity
992,314,P38,,-1,-3833.61,negative value in quantity
999,316,P76,4,-1,-3391.27,negative value in quantity
1000,316,P26,,-1,-3433.39,negative value in quantity
1029,322,P70,2,-1,-4825.38,negative value in quantity
1063,329,P32,,-1,-1538.15,negative value in quantity
1071,332,P47,,-1,-4772.15,negative value in quantity
1110,340,P11,,-1,-4986.9,negative value in quantity
1117,343,P41,,-1,-3163.97,negative value in quantity
1119,343,P20,,-1,-1985.36,negative value in quantity
1138,347,P57,,-1,-1280.27,negative value in quantity
1139,348,P50,,-1,-3034.83,negative value in quantity
1149,352,P26,4,-1,-3433.39,negative value in quantity
1155,355,P62,,-1,-4892.12,negative value in quantity
1158,356,P29,5,-1,-3779.3,negative value in quantity
1161,357,P26,5,-1,-3433.39,negative value in quantity
1179,363,P34,,-1,-115.9,negative value in quantity
1193,367,P13,3,-1,-2518.23,negative value in quantity
1217,376,P43,1,-1,-2587.55,negative value in quantity
1230,379,P9,1,-1,-2959.31,negative value in quantity
1238,383,P55,,-1,-4053.2,negative value in quantity
1251,385,P31,2,-1,-1766.86,negative value in quantity
1279,394,P69,,-1,-3072.31,negative value in quantity
1280,394,P71,,-1,-4651.68,negative value in quantity
1288,396,INVALID_P,,-1,-14437.33,negative value in quantity
1289,396,P21,,-1,-3019.85,negative value in quantity
1291,397,P61,,-1,-4098.51,negative value in quantity
1292,398,P49,,-1,-4600.62,negative value in quantity
1301,400,P65,,-1,-33327.8,negative value in quantity
1312,403,P38,,-1,-3833.61,negative value in quantity
1320,405,P10,5,-1,-1873.78,negative value in quantity
1321,405,P21,,-1,-3019.85,negative value in quantity
1326,407,P34,,-1,-115.9,negative value in quantity
1341,411,P55,5,-1,-4053.2,negative value in quantity
1355,415,P6,,-1,-2740.99,negative value in quantity
1359,418,P70,,-1,-48253.8,negative value in quantity
1393,428,P73,,-1,-3480.35,negative value in quantity
1394,428,P47,,-1,-4772.15,negative value in quantity
1403,431,P77,4,-1,-1929.76,negative value in quantity
1409,433,P77,,-1,-1929.76,negative value in quantity
1436,440,P52,,-1,-648.15,negative value in quantity
1461,449,P76,1,-1,-3391.27,negative value in quantity
1465,449,P5,3,-1,-3750.45,negative value in quantity
1514,463,P15,4,-1,-4319.4,negative value in quantity
1523,467,P70,5,-1,-4825.38,negative value in quantity
1529,467,P16,,-1,-848.92,negative value in quantity
1548,472,P57,,-1,-1280.27,negative value in quantity
1561,474,P30,1,-1,-3866.13,negative value in quantity
1568,476,P1,2,-1,-4434.95,negative value in quantity
1570,476,P9,4,-1,-2959.31,negative value in quantity
1594,483,P74,,-1,-3593.45,negative value in quantity
1610,488,P29,,-1,-3779.3,negative value in quantity
1612,488,P1,,-1,-4434.95,negative value in quantity
1615,490,P35,5,-1,-3638.25,negative value in quantity
1619,491,P46,,-1,-891.59,negative value in quantity
1622,492,P35,2,-1,-3638.25,negative value in quantity
1657,502,P77,4,-1,-1929.76,negative value in quantity
1674,508,P47,3,-1,-4772.15,negative value in quantity
1681,510,P35,,-1,-3638.25,negative value in quantity
1689,513,P71,,-1,-4651.68,negative value in quantity
1697,519,P70,,-1,-4825.38,negative value in quantity
1700,520,P63,,-1,-2710.26,negative value in quantity
1721,526,P29,,-1,-3779.3,negative value in quantity
1729,529,P57,5,-1,-1280.27,negative value in quantity
1736,531,P75,,-1,-2055.06,negative value in quantity
1747,533,P5,,-1,-3750.45,negative value in quantity
1758,535,P63,2,-1,-2710.26,negative value in quantity
1759,535,P70,5,-1,-4825.38,negative value in quantity
1763,536,P68,,-1,-2685.6,negative value in quantity
1771,541,P47,,-1,-4772.15,negative value in quantity
1787,545,P25,,-1,-4717.91,negative value in quantity
1790,546,P19,,-1,-3022.4,negative value in quantity
1816,552,P47,3,-1,-4772.15,negative value in quantity
1849,560,P71,3,-1,-4651.68,negative value in quantity
1863,564,P24,,-1,-2810.81,negative value in quantity
1864,565,P30,4,-1,-3866.13,negative value in quantity
1879,568,P60,5,-1,-3686.35,negative value in quantity
1892,574,P1,,-1,-4434.95,negative value in quantity
1909,578,INVALID_P,,-1,-3931.05,negative value in quantity
1917,581,P2,4,-1,-3249.97,negative value in quantity
1920,582,P77,1,-1,-1929.76,negative value in quantity
1956,592,P71,5,-1,-4651.68,negative value in quantity
1958,592,P15,,-1,-4319.4,negative value in quantity
1964,595,P16,,-1,-848.92,negative value in quantity
1967,596,P52,2,-1,-648.15,negative value in quantity
1985,602,P48,1,-1,-4619.93,negative value in quantity
1990,605,P76,,-1,-3391.27,negative value in quantity
2030,616,P47,,-1,-4772.15,negative value in quantity
2053,623,P40,,-1,-621.41,negative value in quantity
2055,623,P10,1,-1,-18737.8,negative value in quantity
2058,623,P15,,-1,-4319.4,negative value in quantity
2066,626,P5,5,-1,-3750.45,negative value in quantity
2097,631,P11,3,-1,-4986.9,negative value in quantity
2104,635,INVALID_P,1,-1,-993.04,negative value in quantity
2109,636,P10,2,-1,-1873.78,negative value in quantity
2124,639,P56,,-1,-1273.32,negative value in quantity
2129,641,P32,4,-1,-1538.15,negative value in quantity
2131,641,P38,1,-1,-3833.61,negative value in quantity
2136,641,P48,,-1,-4619.93,negative value in quantity
2137,642,P41,3,-1,-3163.97,negative value in quantity
2148,644,P72,,-1,-3800.8,negative value in quantity
2149,645,P15,4,-1,-4319.4,negative value in quantity
2169,653,P26,,-1,-3433.39,negative value in quantity
2182,654,P30,,-1,-3866.13,negative value in quantity
2190,656,INVALID_P,,-1,-425.84,negative value in quantity
2191,657,P37,,-1,-4862.25,negative value in quantity
2200,659,P49,,-1,-4600.62,negative value in quantity
2203,661,P64,,-1,-716.23,negative value in quantity
2207,662,P46,,-1,-891.59,negative value in quantity
2211,663,P6,,-1,-2740.99,negative value in quantity
2218,666,P74,,-1,-3593.45,negative value in quantity
2221,666,P18,,-1,-3434.36,negative value in quantity
2236,670,P54,5,-1,-4928.07,negative value in quantity
2257,678,P55,5,-1,-4053.2,negative value in quantity
2278,684,P7,,-1,-3760.37,negative value in quantity
2280,685,P71,,-1,-4651.68,negative value in quantity
2294,692,P74,,-1,-3593.45,negative value in quantity
2295,692,P70,,-1,-4825.38,negative value in quantity
2296,692,P30,2,-1,-3866.13,negative value in quantity
2299,693,P12,,-1,-777.83,negative value in quantity
2311,697,P69,,-1,-3072.31,negative value in quantity
2335,702,P48,2,-1,-4619.93,negative value in quantity
2350,705,P36,,-1,-3626.44,negative value in quantity
2376,711,P52,,-1,-648.15,negative value in quantity
2392,714,P42,1,-1,-4224.18,negative value in quantity
2405,718,P42,,-1,-4224.18,negative value in quantity
2418,723,P50,,-1,-3034.83,negative value in quantity
2433,727,P60,,-1,-3686.35,negative value in quantity
2457,733,P7,3,-1,-3760.37,negative value in quantity
2460,734,P4,1,-1,-784.19,negative value in quantity
2467,737,P69,4,-1,-3072.31,negative value in quantity
2474,740,P76,,-1,-3391.27,negative value in quantity
2483,743,P70,2,-1,-4825.38,negative value in quantity
2491,745,P13,,-1,-2518.23,negative value in quantity
2527,756,P64,,-1,-716.23,negative value in quantity
2534,757,P44,1,-1,-1074.66,negative value in quantity
2537,759,P68,3,-1,-2685.6,negative value in quantity
2548,761,P23,,-1,-1331.93,negative value in quantity
2549,761,P51,,-1,-2494.17,negative value in quantity
2550,761,P38,,-1,-3833.61,negative value in quantity
2554,762,P29,,-1,-3779.3,negative value in quantity
2563,766,P4,,-1,-784.19,negative value in quantity
2570,769,P49,4,-1,-4600.62,negative value in quantity
2571,769,P16,,-1,-848.92,negative value in quantity
2587,772,P41,,-1,-3163.97,negative value in quantity
2597,774,P72,,-1,-3800.8,negative value in quantity
2609,775,P30,5,-1,-3866.13,negative value in quantity
2612,776,P38,,-1,-3833.61,negative value in quantity
2648,785,P55,3,-1,-4053.2,negative value in quantity
2661,789,P6,,-1,-2740.99,negative value in quantity
2662,789,P54,,-1,-4928.07,negative value in quantity
2674,792,P78,4,-1,-4508.11,negative value in quantity
2683,795,P42,4,-1,-4224.18,negative value in quantity
2687,797,P60,,-1,-3686.35,negative value in quantity
2693,797,P21,,-1,-3019.85,negative value in quantity
2701,800,P18,,-1,-3434.36,negative value in quantity
2707,801,P49,,-1,-4600.62,negative value in quantity
2718,804,P62,,-1,-4892.12,negative value in quantity
2743,810,P38,,-1,-3833.61,negative value in quantity
2745,810,INVALID_P,,-1,-598.63,negative value in quantity
2775,817,P21,,-1,-3019.85,negative value in quantity
2792,819,P61,,-1,-4098.51,negative value in quantity
2795,820,P21,,-1,-3019.85,negative value in quantity
2823,830,P8,,-1,-2199.33,negative value in quantity
2824,830,P62,1,-1,-4892.12,negative value in quantity
2828,830,P42,,-1,-4224.18,negative value in quantity
2837,832,P73,,-1,-3480.35,negative value in quantity
2845,834,P32,,-1,-1538.15,negative value in quantity
2866,846,P45,1,-1,-1932.18,negative value in quantity
2869,846,P69,,-1,-3072.31,negative value in quantity
2902,858,P5,4,-1,-3750.45,negative value in quantity
2918,864,P70,,-1,-4825.38,negative value in quantity
2924,865,P7,2,-1,-3760.37,negative value in quantity
2937,867,P22,,-1,-2393.44,negative value in quantity
2945,868,P24,,-1,-2810.81,negative value in quantity
2954,870,P52,,-1,-648.15,negative value in quantity
2961,873,P22,3,-1,-2393.44,negative value in quantity
2968,874,P16,,-1,-848.92,negative value in quantity
3003,885,P55,4,-1,-4053.2,negative value in quantity
3011,888,P67,,-1,-909.12,negative value in quantity
3030,894,P34,2,-1,-115.9,negative value in quantity
3041,897,P44,,-1,-1074.66,negative value in quantity
3049,898,P31,5,-1,-1766.86,negative value in quantity
3054,899,P8,,-1,-2199.33,negative value in quantity
3061,900,P47,,-1,-4772.15,negative value in quantity
3077,905,P57,5,-1,-1280.27,negative value in quantity
3112,914,P57,,-1,-1280.27,negative value in quantity
3141,922,P78,,-1,-4508.11,negative value in quantity
3184,936,P77,,-1,-1929.76,negative value in quantity
3186,936,P18,,-1,-3434.36,negative value in quantity
3197,939,P26,,-1,-3433.39,negative value in quantity
3222,951,P47,,-1,-4772.15,negative value in quantity
3232,954,P50,,-1,-3034.83,negative value in quantity
3244,958,P33,2,-1,-874.97,negative value in quantity
3249,960,P69,2,-1,-3072.31,negative value in quantity
3252,961,P70,3,-1,-4825.38,negative value in quantity
3258,961,P5,,-1,-3750.45,negative value in quantity
3264,963,P52,2,-1,-648.15,negative value in quantity
3285,970,P26,4,-1,-3433.39,negative value in quantity
3291,972,P44,,-1,-1074.66,negative value in quantity
3304,973,P24,,-1,-2810.81,negative value in quantity
3321,977,P43,,-1,-2587.55,negative value in quantity
3334,982,P70,3,-1,-4825.38,negative value in quantity
3343,984,P67,1,-1,-909.12,negative value in quantity
3359,988,P56,,-1,-1273.32,negative value in quantity
3366,990,P22,,-1,-2393.44,negative value in quantity
3375,993,P65,,-1,-33327.8,negative value in quantity
3400,1002,P3,1,-1,-800.07,negative value in quantity
3433,1011,P68,2,-1,-2685.6,negative value in quantity
3452,1017,P48,,-1,-4619.93,negative value in quantity
3474,1024,P6,5,-1,-2740.99,negative value in quantity
3506,1036,P10,,-1,-1873.78,negative value in quantity
3512,1038,P1,,-1,-4434.95,negative value in quantity
3531,1045,P32,,-1,-15381.5,negative value in quantity
3560,1057,P55,,-1,-4053.2,negative value in quantity
3561,1057,P32,,-1,-1538.15,negative value in quantity
3567,1059,P67,,-1,-909.12,negative value in quantity
3569,1060,P49,,-1,-4600.62,negative value in quantity
3592,1068,P66,3,-1,-4739.56,negative value in quantity
3594,1070,P34,5,-1,-115.9,negative value in quantity
3618,1076,P40,,-1,-621.41,negative value in quantity
3620,1077,P77,,-1,-1929.76,negative value in quantity
3634,1080,P42,,-1,-4224.18,negative value in quantity
3636,1080,P56,,-1,-1273.32,negative value in quantity
3661,1088,P30,4,-1,-3866.13,negative value in quantity
3662,1088,P12,,-1,-777.83,negative value in quantity
3706,1099,P13,3,-1,-2518.23,negative value in quantity
3720,1103,P71,3,-1,-4651.68,negative value in quantity
3721,1103,P69,,-1,-3072.31,negative value in quantity
3731,1106,P72,,-1,-3800.8,negative value in quantity
3744,1110,P67,,-1,-909.12,negative value in quantity
3760,1114,P35,,-1,-3638.25,negative value in quantity
3774,1118,P38,,-1,-3833.61,negative value in quantity
3788,1122,P60,1,-1,-3686.35,negative value in quantity
3815,1129,P48,,-1,-4619.93,negative value in quantity
3823,1131,P41,2,-1,-3163.97,negative value in quantity
3839,1135,P56,2,-1,-1273.32,negative value in quantity
3902,1152,P1,,-1,-4434.95,negative value in quantity
3910,1155,P34,,-1,-115.9,negative value in quantity
3915,1156,P25,1,-1,-4717.91,negative value in quantity
3922,1157,P72,4,-1,-3800.8,negative value in quantity
3938,1163,P2,,-1,-3249.97,negative value in quantity
3956,1168,P2,4,-1,-3249.97,negative value in quantity
3961,1170,P12,,-1,-777.83,negative value in quantity
3962,1170,P44,,-1,-1074.66,negative value in quantity
3995,1180,P14,,-1,-3803.33,negative value in quantity
4006,1185,P72,,-1,-3800.8,negative value in quantity
4012,1186,P4,2,-1,-784.19,negative value in quantity
4023,1190,P78,,-1,-4508.11,negative value in quantity
4028,1191,P11,,-1,-4986.9,negative value in quantity
4031,1192,P63,4,-1,-2710.26,negative value in quantity
4037,1193,P35,5,-1,-3638.25,negative value in quantity
4047,1194,P13,,-1,-2518.23,negative value in quantity
4068,1202,P75,,-1,-2055.06,negative value in quantity
4072,1204,P68,4,-1,-2685.6,negative value in quantity
4073,1204,P56,4,-1,-1273.32,negative value in quantity
4092,1208,P74,3,-1,-3593.45,negative value in quantity
4099,1211,P8,5,-1,-2199.33,negative value in quantity
4118,1217,P62,1,-1,-4892.12,negative value in quantity
4122,1218,P23,,-1,-1331.93,negative value in quantity
4123,1219,P69,,-1,-3072.31,negative value in quantity
4130,1219,P21,3,-1,-3019.85,negative value in quantity
4135,1221,P31,1,-1,-1766.86,negative value in quantity
4146,1226,P29,2,-1,-3779.3,negative value in quantity
4150,1227,P6,,-1,-2740.99,negative value in quantity
4158,1229,P47,3,-1,-4772.15,negative value in quantity
4181,1238,P54,,-1,-4928.07,negative value in quantity
4182,1238,P15,,-1,-4319.4,negative value in quantity
4191,1239,P55,,-1,-4053.2,negative value in quantity
4198,1240,P61,,-1,-4098.51,negative value in quantity
4229,1250,P32,,-1,-1538.15,negative value in quantity
4237,1253,P61,1,-1,-4098.51,negative value in quantity
4257,1258,P71,,-1,-4651.68,negative value in quantity
4279,1265,P58,,-1,-2880.05,negative value in quantity
4280,1265,P18,,-1,-3434.36,negative value in quantity
4285,1266,P78,,-1,-4508.11,negative value in quantity
4287,1266,P71,,-1,-4651.68,negative value in quantity
4307,1271,P73,5,-1,-3480.35,negative value in quantity
4333,1277,P78,,-1,-4508.11,negative value in quantity
4334,1278,P4,4,-1,-784.19,negative value in quantity
4340,1280,P28,5,-1,-4435.46,negative value in quantity
4363,1287,P61,,-1,-4098.51,negative value in quantity
4377,1292,P52,,-1,-648.15,negative value in quantity
4395,1296,P35,,-1,-3638.25,negative value in quantity
4419,1301,P10,2,-1,-1873.78,negative value in quantity
4428,1304,P20,,-1,-1985.36,negative value in quantity
4429,1304,P74,4,-1,-3593.45,negative value in quantity
4430,1304,P35,,-1,-3638.25,negative value in quantity
4431,1304,P42,2,-1,-4224.18,negative value in quantity
4435,1304,P35,,-1,-3638.25,negative value in quantity
4442,1307,P71,4,-1,-4651.68,negative value in quantity
4451,1310,P77,,-1,-1929.76,negative value in quantity
4467,1315,P4,,-1,-784.19,negative value in quantity
4481,1318,P58,,-1,-2880.05,negative value in quantity
4486,1320,P38,,-1,-3833.61,negative value in quantity
4494,1322,P59,,-1,-485.91,negative value in quantity
4502,1327,P61,,-1,-4098.51,negative value in quantity
4547,1338,P54,,-1,-4928.07,negative value in quantity
4548,1338,P59,2,-1,-485.91,negative value in quantity
4552,1339,P55,,-1,-4053.2,negative value in quantity
4583,1348,P33,,-1,-874.97,negative value in quantity
4587,1350,INVALID_P,,-1,-3708.9,negative value in quantity
4592,1352,P16,,-1,-848.92,negative value in quantity
4601,1354,P19,4,-1,-3022.4,negative value in quantity
4605,1355,P67,,-1,-909.12,negative value in quantity
4638,1368,P15,4,-1,-4319.4,negative value in quantity
4661,1376,P26,5,-1,-3433.39,negative value in quantity
4681,1382,P30,4,-1,-3866.13,negative value in quantity
4685,1383,P51,,-1,-2494.17,negative value in quantity
4688,1383,P65,3,-1,-3332.78,negative value in quantity
4696,1386,P40,4,-1,-621.41,negative value in quantity
4702,1387,P16,,-1,-848.92,negative value in quantity
4714,1392,P21,2,-1,-3019.85,negative value in quantity
4720,1394,P11,,-1,-4986.9,negative value in quantity
4722,1395,P49,2,-1,-4600.62,negative value in quantity
4726,1395,P69,1,-1,-3072.31,negative value in quantity
4739,1398,P27,3,-1,-661.3,negative value in quantity
4754,1404,P3,,-1,-800.07,negative value in quantity
4756,1405,P49,3,-1,-4600.62,negative value in quantity
4770,1408,P34,,-1,-115.9,negative value in quantity
4772,1409,P10,,-1,-1873.78,negative value in quantity
4784,1413,P50,,-1,-3034.83,negative value in quantity
4794,1416,P36,,-1,-3626.44,negative value in quantity
4801,1419,P63,,-1,-2710.26,negative value in quantity
4802,1419,P61,,-1,-4098.51,negative value in quantity
4818,1425,P36,,-1,-3626.44,negative value in quantity
4830,1429,P23,,-1,-1331.93,negative value in quantity
4831,1430,P58,4,-1,-2880.05,negative value in quantity
4848,1434,P12,,-1,-777.83,negative value in quantity
4870,1442,P6,1,-1,-2740.99,negative value in quantity
4880,1445,P10,1,-1,-1873.78,negative value in quantity
4887,1447,P12,5,-1,-777.83,negative value in quantity
4896,1450,P27,,-1,-661.3,negative value in quantity
4933,1460,P63,,-1,-2710.26,negative value in quantity
4947,1464,P2,2,-1,-3249.97,negative value in quantity
4997,1478,P18,1,-1,-3434.36,negative value in quantity
5020,1485,P74,,-1,-3593.45,negative value in quantity
5028,1486,P30,,-1,-3866.13,negative value in quantity
5042,1491,P74,,-1,-3593.45,negative value in quantity
5043,1491,P24,1,-1,-2810.81,negative value in quantity
5045,1492,P35,5,-1,-3638.25,negative value in quantity
5055,1494,P55,,-1,-4053.2,negative value in quantity
5071,1498,P54,1,-1,-4928.07,negative value in quantity
5111,1517,P7,,-1,-3760.37,negative value in quantity
5121,1521,P22,,-1,-2393.44,negative value in quantity
5124,1522,P32,,-1,-1538.15,negative value in quantity
5129,1525,P18,1,-1,-3434.36,negative value in quantity
5141,1528,P59,3,-1,-485.91,negative value in quantity
5155,1530,P70,,-1,-4825.38,negative value in quantity
5158,1531,P36,,-1,-3626.44,negative value in quantity
5159,1531,P69,,-1,-3072.31,negative value in quantity
5171,1534,P8,1,-1,-2199.33,negative value in quantity
5232,1550,P76,,-1,-3391.27,negative value in quantity
5237,1551,P2,4,-1,-3249.97,negative value in quantity
5249,1554,P27,,-1,-661.3,negative value in quantity
5255,1555,P42,,-1,-4224.18,negative value in quantity
5260,1556,P6,,-1,-2740.99,negative value in quantity
5277,1562,P3,,-1,-800.07,negative value in quantity
5284,1564,P3,,-1,-800.07,negative value in quantity
5292,1566,P68,,-1,-2685.6,negative value in quantity
5296,1567,P74,2,-1,-3593.45,negative value in quantity
5315,1573,P7,,-1,-3760.37,negative value in quantity
5342,1581,P43,2,-1,-2587.55,negative value in quantity
5385,1595,P17,,-1,-883.91,negative value in quantity
5401,1601,P54,1,-1,-4928.07,negative value in quantity
5402,1602,P58,,-1,-2880.05,negative value in quantity
5412,1605,P49,,-1,-4600.62,negative value in quantity
5414,1606,P59,2,-1,-485.91,negative value in quantity
5421,1608,P26,1,-1,-3433.39,negative value in quantity
5425,1609,P22,,-1,-23934.4,negative value in quantity
5426,1609,P74,,-1,-3593.45,negative value in quantity
5447,1615,INVALID_P,,-1,-3543.92,negative value in quantity
5486,1627,P44,1,-1,-1074.66,negative value in quantity
5487,1627,P54,,-1,-4928.07,negative value in quantity
5516,1634,P4,,-1,-784.19,negative value in quantity
5522,1636,P22,,-1,-2393.44,negative value in quantity
5527,1637,P48,,-1,-4619.93,negative value in quantity
5537,1640,P45,,-1,-1932.18,negative value in quantity
5541,1641,P66,,-1,-47395.6,negative value in quantity
5550,1644,INVALID_P,,-1,-4529.59,negative value in quantity
5580,1650,P61,1,-1,-4098.51,negative value in quantity
5608,1655,P71,3,-1,-4651.68,negative value in quantity
5615,1657,P41,3,-1,-3163.97,negative value in quantity
5616,1658,P27,,-1,-661.3,negative value in quantity
5636,1664,P21,,-1,-3019.85,negative value in quantity
5663,1674,P73,,-1,-3480.35,negative value in quantity
5671,1676,P66,5,-1,-4739.56,negative value in quantity
5675,1678,P31,,-1,-1766.86,negative value in quantity
5706,1687,P11,,-1,-4986.9,negative value in quantity
5710,1687,P60,3,-1,-3686.35,negative value in quantity
5712,1687,P32,2,-1,-1538.15,negative value in quantity
5718,1688,P10,,-1,-1873.78,negative value in quantity
5728,1692,P4,,-1,-784.19,negative value in quantity
5748,1700,P78,,-1,-4508.11,negative value in quantity
5785,1711,P58,,-1,-2880.05,negative value in quantity
5808,1717,P41,3,-1,-3163.97,negative value in quantity
5811,1719,P19,4,-1,-3022.4,negative value in quantity
5823,1722,P59,,-1,-485.91,negative value in quantity
5829,1725,P46,,-1,-891.59,negative value in quantity
5860,1734,P36,2,-1,-3626.44,negative value in quantity
5864,1736,INVALID_P,1,-1,-4489.82,negative value in quantity
5867,1738,P21,,-1,-3019.85,negative value in quantity
5878,1741,P67,3,-1,-909.12,negative value in quantity
5881,1741,P76,1,-1,-3391.27,negative value in quantity
5886,1744,P52,2,-1,-648.15,negative value in quantity
5910,1751,P20,,-1,-1985.36,negative value in quantity
5925,1759,P63,3,-1,-2710.26,negative value in quantity
5931,1760,P21,3,-1,-3019.85,negative value in quantity
5986,1771,P26,,-1,-3433.39,negative value in quantity
6004,1775,P65,,-1,-3332.78,negative value in quantity
6008,1777,P61,,-1,-4098.51,negative value in quantity
6029,1783,P66,,-1,-4739.56,negative value in quantity
6031,1784,P47,,-1,-4772.15,negative value in quantity
6036,1784,P76,,-1,-3391.27,negative value in quantity
6043,1788,P22,5,-1,-2393.44,negative value in quantity
6073,1798,P15,3,-1,-4319.4,negative value in quantity
6092,1804,P63,,-1,-2710.26,negative value in quantity
6101,1808,P19,,-1,-3022.4,negative value in quantity
6109,1811,P62,4,-1,-4892.12,negative value in quantity
6129,1817,P45,,-1,-1932.18,negative value in quantity
6178,1833,P29,3,-1,-3779.3,negative value in quantity
6187,1834,P8,,-1,-2199.33,negative value in quantity
6195,1836,P18,,-1,-3434.36,negative value in quantity
6198,1838,P60,,-1,-3686.35,negative value in quantity
6211,1841,P8,4,-1,-2199.33,negative value in quantity
6220,1844,P58,5,-1,-2880.05,negative value in quantity
6238,1851,P44,,-1,-1074.66,negative value in quantity
6275,1861,P29,,-1,-3779.3,negative value in quantity
6277,1862,P22,2,-1,-2393.44,negative value in quantity
6279,1863,P16,,-1,-848.92,negative value in quantity
6292,1867,P50,5,-1,-3034.83,negative value in quantity
6296,1868,P34,2,-1,-115.9,negative value in quantity
6312,1874,P80,,-1,-1314.74,negative value in quantity
6324,1876,P7,1,-1,-3760.37,negative value in quantity
6328,1877,P47,,-1,-4772.15,negative value in quantity
6330,1877,P13,3,-1,-2518.23,negative value in quantity
6337,1879,P35,,-1,-3638.25,negative value in quantity
6339,1879,P79,,-1,-2312.28,negative value in quantity
6362,1887,P34,,-1,-115.9,negative value in quantity
6389,1895,P49,5,-1,-4600.62,negative value in quantity
6401,1899,P26,,-1,-3433.39,negative value in quantity
6411,1901,P4,,-1,-784.19,negative value in quantity
6473,1920,P2,,-1,-3249.97,negative value in quantity
6494,1925,P25,,-1,-4717.91,negative value in quantity
6500,1927,P21,4,-1,-3019.85,negative value in quantity
6529,1937,P78,,-1,-4508.11,negative value in quantity
6535,1938,P78,,-1,-4508.11,negative value in quantity
6536,1939,P21,,-1,-3019.85,negative value in quantity
6537,1939,P2,2,-1,-3249.97,negative value in quantity
6544,1941,P78,2,-1,-4508.11,negative value in quantity
6551,1944,P17,,-1,-883.91,negative value in quantity
6561,1947,P75,,-1,-2055.06,negative value in quantity
6567,1949,P76,,-1,-3391.27,negative value in quantity
6574,1951,P43,,-1,-2587.55,negative value in quantity
6581,1953,P74,2,-1,-3593.45,negative value in quantity
6592,1956,P76,4,-1,-3391.27,negative value in quantity
6609,1959,P45,,-1,-1932.18,negative value in quantity
6617,1961,P49,,-1,-4600.62,negative value in quantity
6629,1963,P61,,-1,-4098.51,negative value in quantity
6634,1964,P57,,-1,-1280.27,negative value in quantity
6652,1969,P56,2,-1,-1273.32,negative value in quantity
6690,1980,P67,,-1,-909.12,negative value in quantity
6702,1981,P63,5,-1,-2710.26,negative value in quantity
6711,1983,P54,,-1,-4928.07,negative value in quantity
6733,1989,P36,,-1,-3626.44,negative value in quantity
6738,1990,P11,5,-1,-4986.9,negative value in quantity
6746,1991,P52,,-1,-648.15,negative value in quantity
6759,1995,P10,4,-1,-1873.78,negative value in quantity
6764,1996,P67,1,-1,-909.12,negative value in quantity
6777,2002,P55,4,-1,-4053.2,negative value in quantity
6782,2004,P49,,-1,-4600.62,negative value in quantity
6808,2007,P70,4,-1,-4825.38,negative value in quantity
6818,2010,P56,,-1,-1273.32,negative value in quantity
6833,2016,P57,1,-1,-1280.27,negative value in quantity
6839,2019,P63,4,-1,-2710.26,negative value in quantity
6860,2025,P34,,-1,-115.9,negative value in quantity
6865,2027,P56,,-1,-12733.2,negative value in quantity
6866,2027,INVALID_P,,-1,-2688.38,negative value in quantity
6871,2028,P76,4,-1,-3391.27,negative value in quantity
6873,2029,P14,3,-1,-3803.33,negative value in quantity
6875,2029,P23,2,-1,-1331.93,negative value in quantity
6876,2029,P59,,-1,-485.91,negative value in quantity
6885,2031,P33,,-1,-874.97,negative value in quantity
6892,2033,P72,2,-1,-3800.8,negative value in quantity
6893,2033,P16,1,-1,-848.92,negative value in quantity
6900,2034,P21,4,-1,-3019.85,negative value in quantity
6905,2037,P28,,-1,-44354.6,negative value in quantity
6907,2038,P40,3,-1,-621.41,negative value in quantity
6909,2038,P75,,-1,-2055.06,negative value in quantity
6932,2045,P11,,-1,-4986.9,negative value in quantity
6934,2045,P45,1,-1,-1932.18,negative value in quantity
6963,2052,P22,,-1,-2393.44,negative value in quantity
6968,2054,P18,,-1,-3434.36,negative value in quantity
6975,2057,P71,5,-1,-4651.68,negative value in quantity
6980,2058,P48,,-1,-4619.93,negative value in quantity
6987,2060,P11,5,-1,-4986.9,negative value in quantity
6990,2061,P18,,-1,-3434.36,negative value in quantity
7002,2065,P31,,-1,-1766.86,negative value in quantity
7036,2077,P66,,-1,-4739.56,negative value in quantity
7053,2082,P32,,-1,-1538.15,negative value in quantity
7060,2084,P15,2,-1,-4319.4,negative value in quantity
7066,2086,P70,1,-1,-4825.38,negative value in quantity
7081,2093,P73,4,-1,-3480.35,negative value in quantity
7087,2094,P27,,-1,-661.3,negative value in quantity
7091,2096,P29,2,-1,-3779.3,negative value in quantity
7099,2099,P29,,-1,-3779.3,negative value in quantity
7121,2105,P8,1,-1,-2199.33,negative value in quantity
7126,2107,P24,,-1,-2810.81,negative value in quantity
7168,2118,P62,,-1,-4892.12,negative value in quantity
7174,2120,P10,,-1,-1873.78,negative value in quantity
7178,2122,P69,,-1,-3072.31,negative value in quantity
7184,2124,P77,,-1,-1929.76,negative value in quantity
7196,2129,P40,,-1,-621.41,negative value in quantity
7201,2130,P72,3,-1,-3800.8,negative value in quantity
7202,2130,P72,5,-1,-3800.8,negative value in quantity
7220,2137,P3,1,-1,-800.07,negative value in quantity
7224,2137,P28,1,-1,-4435.46,negative value in quantity
7232,2139,P59,,-1,-485.91,negative value in quantity
7238,2140,P77,5,-1,-1929.76,negative value in quantity
7244,2142,P7,,-1,-3760.37,negative value in quantity
7246,2143,P65,2,-1,-3332.78,negative value in quantity
7256,2146,P58,,-1,-2880.05,negative value in quantity
7287,2156,P67,,-1,-909.12,negative value in quantity
7310,2161,P2,1,-1,-3249.97,negative value in quantity
7317,2162,P70,,-1,-4825.38,negative value in quantity
7342,2168,P54,4,-1,-4928.07,negative value in quantity
7389,2182,P77,,-1,-1929.76,negative value in quantity
7393,2183,P44,,-1,-1074.66,negative value in quantity
7400,2187,P8,2,-1,-2199.33,negative value in quantity
7405,2189,P71,,-1,-4651.68,negative value in quantity
7408,2190,P25,,-1,-4717.91,negative value in quantity
7419,2193,P77,1,-1,-1929.76,negative value in quantity
7420,2193,P57,,-1,-1280.27,negative value in quantity
7427,2194,P45,,-1,-1932.18,negative value in quantity
7444,2200,P10,5,-1,-1873.78,negative value in quantity
7448,2201,P55,,-1,-4053.2,negative value in quantity
7453,2203,P11,,-1,-4986.9,negative value in quantity
7474,2210,P14,,-1,-3803.33,negative value in quantity
7487,2214,P14,,-1,-3803.33,negative value in quantity
7488,2214,P61,4,-1,-4098.51,negative value in quantity
7506,2219,P68,1,-1,-2685.6,negative value in quantity
7519,2224,P76,,-1,-3391.27,negative value in quantity
7527,2226,P45,3,-1,-1932.18,negative value in quantity
7529,2227,P62,,-1,-4892.12,negative value in quantity
7544,2230,P11,2,-1,-4986.9,negative value in quantity
7607,2245,P33,,-1,-874.97,negative value in quantity
7619,2249,P15,,-1,-4319.4,negative value in quantity
7643,2259,P8,,-1,-2199.33,negative value in quantity
7647,2260,P75,,-1,-2055.06,negative value in quantity
7648,2261,P41,4,-1,-3163.97,negative value in quantity
7656,2262,P30,,-1,-3866.13,negative value in quantity
7661,2264,P65,5,-1,-3332.78,negative value in quantity
7673,2267,P46,,-1,-891.59,negative value in quantity
7710,2281,P26,,-1,-3433.39,negative value in quantity
7712,2281,P69,,-1,-3072.31,negative value in quantity
7723,2283,P36,,-1,-3626.44,negative value in quantity
7741,2289,P35,3,-1,-3638.25,negative value in quantity
7746,2290,P68,,-1,-2685.6,negative value in quantity
7765,2295,INVALID_P,,-1,-1492.46,negative value in quantity
7767,2296,P47,,-1,-4772.15,negative value in quantity
7778,2297,P12,,-1,-777.83,negative value in quantity
7783,2298,P62,,-1,-4892.12,negative value in quantity
7786,2300,P70,5,-1,-4825.38,negative value in quantity
7802,2305,P77,1,-1,-1929.76,negative value in quantity
7805,2306,P71,5,-1,-4651.68,negative value in quantity
7814,2310,P21,,-1,-3019.85,negative value in quantity
7815,2310,P14,,-1,-3803.33,negative value in quantity
7898,2330,P76,5,-1,-3391.27,negative value in quantity
7910,2334,P24,,-1,-2810.81,negative value in quantity
7911,2334,P22,,-1,-2393.44,negative value in quantity
7916,2336,P20,,-1,-1985.36,negative value in quantity
7933,2343,P24,,-1,-2810.81,negative value in quantity
7938,2344,P58,1,-1,-2880.05,negative value in quantity
7966,2354,P68,3,-1,-2685.6,negative value in quantity
7977,2357,P34,,-1,-115.9,negative value in quantity
8003,2362,P25,3,-1,-4717.91,negative value in quantity
8010,2363,P55,2,-1,-4053.2,negative value in quantity
8014,2364,P41,3,-1,-3163.97,negative value in quantity
8048,2373,P48,2,-1,-4619.93,negative value in quantity
8049,2373,P30,5,-1,-3866.13,negative value in quantity
8056,2375,P1,,-1,-4434.95,negative value in quantity
8058,2376,P59,,-1,-485.91,negative value in quantity
8062,2377,P8,4,-1,-2199.33,negative value in quantity
8066,2377,P48,,-1,-4619.93,negative value in quantity
8069,2378,P26,,-1,-3433.39,negative value in quantity
8076,2380,P1,,-1,-4434.95,negative value in quantity
8082,2383,P27,,-1,-661.3,negative value in quantity
8101,2387,P45,,-1,-1932.18,negative value in quantity
8105,2388,P25,5,-1,-4717.91,negative value in quantity
8109,2390,P49,,-1,-4600.62,negative value in quantity
8124,2393,P33,,-1,-874.97,negative value in quantity
8135,2394,P57,,-1,-1280.27,negative value in quantity
8158,2403,P67,,-1,-909.12,negative value in quantity
8173,2408,P54,1,-1,-4928.07,negative value in quantity
8174,2408,P56,3,-1,-1273.32,negative value in quantity
8178,2410,P78,2,-1,-4508.11,negative value in quantity
8204,2416,P68,1,-1,-2685.6,negative value in quantity
8223,2421,P10,1,-1,-1873.78,negative value in quantity
8234,2424,P59,,-1,-485.91,negative value in quantity
8237,2425,P3,2,-1,-800.07,negative value in quantity
8248,2427,P57,,-1,-1280.27,negative value in quantity
8273,2432,P55,4,-1,-4053.2,negative value in quantity
8280,2433,P4,,-1,-784.19,negative value in quantity
8293,2436,P1,,-1,-4434.95,negative value in quantity
8294,2436,P1,,-1,-4434.95,negative value in quantity
8310,2441,P28,,-1,-4435.46,negative value in quantity
8318,2445,P55,2,-1,-4053.2,negative value in quantity
8323,2446,P44,2,-1,-1074.66,negative value in quantity
8328,2448,P66,1,-1,-4739.56,negative value in quantity
8332,2451,P49,,-1,-4600.62,negative value in quantity
8341,2454,P62,,-1,-4892.12,negative value in quantity
8393,2471,P46,,-1,-891.59,negative value in quantity
8444,2487,P49,,-1,-4600.62,negative value in quantity
8446,2487,P33,,-1,-874.97,negative value in quantity
8485,2495,P16,,-1,-848.92,negative value in quantity
8508,2503,P66,2,-1,-4739.56,negative value in quantity
8519,2505,P79,,-1,-2312.28,negative value in quantity
8526,2507,P1,5,-1,-4434.95,negative value in quantity
8527,2508,P34,,-1,-115.9,negative value in quantity
8532,2511,P36,3,-1,-3626.44,negative value in quantity
8542,2515,P79,,-1,-2312.28,negative value in quantity
8547,2516,P46,2,-1,-891.59,negative value in quantity
8561,2520,P1,,-1,-4434.95,negative value in quantity
8574,2522,P28,1,-1,-4435.46,negative value in quantity
8598,2529,P71,,-1,-4651.68,negative value in quantity
8599,2530,P25,,-1,-4717.91,negative value in quantity
8606,2532,P44,1,-1,-1074.66,negative value in quantity
8645,2545,P52,,-1,-648.15,negative value in quantity
8665,2552,P12,1,-1,-777.83,negative value in quantity
8692,2558,P8,,-1,-2199.33,negative value in quantity
8752,2579,P57,,-1,-1280.27,negative value in quantity
8758,2580,P6,,-1,-2740.99,negative value in quantity
8776,2585,P4,2,-1,-784.19,negative value in quantity
8778,2585,P61,,-1,-4098.51,negative value in quantity
8796,2590,P61,,-1,-4098.51,negative value in quantity
8854,2604,P10,5,-1,-1873.78,negative value in quantity
8881,2610,P66,,-1,-4739.56,negative value in quantity
8890,2615,P14,,-1,-3803.33,negative value in quantity
8901,2617,P64,,-1,-716.23,negative value in quantity
8904,2618,P68,,-1,-2685.6,negative value in quantity
8905,2619,P8,2,-1,-2199.33,negative value in quantity
8907,2620,P56,,-1,-1273.32,negative value in quantity
8909,2621,P46,4,-1,-891.59,negative value in quantity
8923,2626,P76,,-1,-3391.27,negative value in quantity
8924,2626,P50,,-1,-3034.83,negative value in quantity
8931,2627,P58,,-1,-2880.05,negative value in quantity
8932,2628,P55,4,-1,-4053.2,negative value in quantity
8939,2629,P7,,-1,-3760.37,negative value in quantity
8955,2633,P80,,-1,-1314.74,negative value in quantity
8959,2635,P58,,-1,-2880.05,negative value in quantity
8964,2638,P13,2,-1,-2518.23,negative value in quantity
8966,2638,P6,,-1,-2740.99,negative value in quantity
8997,2649,P44,5,-1,-1074.66,negative value in quantity
9043,2663,P28,,-1,-4435.46,negative value in quantity
9080,2673,P38,,-1,-3833.61,negative value in quantity
9084,2676,P42,,-1,-4224.18,negative value in quantity
9108,2684,P37,,-1,-4862.25,negative value in quantity
9120,2688,P20,,-1,-1985.36,negative value in quantity
9126,2690,P14,,-1,-3803.33,negative value in quantity
9129,2690,P75,,-1,-2055.06,negative value in quantity
9133,2691,P1,,-1,-4434.95,negative value in quantity
9166,2702,P65,5,-1,-3332.78,negative value in quantity
9177,2704,P17,,-1,-883.91,negative value in quantity
9188,2708,P67,,-1,-909.12,negative value in quantity
9199,2714,P36,,-1,-3626.44,negative value in quantity
9201,2714,P11,,-1,-4986.9,negative value in quantity
9207,2716,P28,2,-1,-4435.46,negative value in quantity
9215,2718,P40,,-1,-621.41,negative value in quantity
9231,2724,P52,3,-1,-648.15,negative value in quantity
9261,2732,P73,,-1,-3480.35,negative value in quantity
9285,2740,P70,,-1,-4825.38,negative value in quantity
9295,2743,P63,3,-1,-2710.26,negative value in quantity
9298,2743,P33,,-1,-874.97,negative value in quantity
9307,2746,P71,,-1,-4651.68,negative value in quantity
9314,2749,P55,2,-1,-4053.2,negative value in quantity
9315,2749,P58,3,-1,-2880.05,negative value in quantity
9347,2758,P31,,-1,-1766.86,negative value in quantity
9353,2760,P5,5,-1,-3750.45,negative value in quantity
9355,2761,P55,,-1,-4053.2,negative value in quantity
9358,2761,P16,,-1,-848.92,negative value in quantity
9363,2762,P43,,-1,-2587.55,negative value in quantity
9364,2762,P27,,-1,-661.3,negative value in quantity
9404,2773,P3,5,-1,-800.07,negative value in quantity
9410,2774,P41,1,-1,-3163.97,negative value in quantity
9415,2777,P41,2,-1,-3163.97,negative value in quantity
9417,2777,P42,5,-1,-4224.18,negative value in quantity
9436,2781,P2,2,-1,-3249.97,negative value in quantity
9437,2781,P41,,-1,-3163.97,negative value in quantity
9440,2783,P56,2,-1,-1273.32,negative value in quantity
9458,2788,P26,,-1,-3433.39,negative value in quantity
9471,2791,P74,,-1,-3593.45,negative value in quantity
9479,2792,P63,5,-1,-2710.26,negative value in quantity
9519,2806,P2,,-1,-3249.97,negative value in quantity
9532,2810,P26,,-1,-3433.39,negative value in quantity
9534,2811,P51,4,-1,-2494.17,negative value in quantity
9550,2816,P26,5,-1,-3433.39,negative value in quantity
9572,2822,P40,,-1,-621.41,negative value in quantity
9575,2823,P8,5,-1,-2199.33,negative value in quantity
9598,2830,P72,4,-1,-3800.8,negative value in quantity
9610,2833,P68,3,-1,-2685.6,negative value in quantity
9624,2838,P41,,-1,-3163.97,negative value in quantity
9625,2839,P78,,-1,-4508.11,negative value in quantity
9632,2840,P49,,-1,-4600.62,negative value in quantity
9636,2840,P27,1,-1,-661.3,negative value in quantity
9663,2850,P7,,-1,-3760.37,negative value in quantity
9676,2855,P10,5,-1,-1873.78,negative value in quantity
9702,2863,P9,,-1,-2959.31,negative value in quantity
9706,2864,P43,,-1,-2587.55,negative value in quantity
9723,2870,P21,,-1,-3019.85,negative value in quantity
9777,2887,P18,,-1,-3434.36,negative value in quantity
9786,2891,P39,5,-1,-2587.64,negative value in quantity
9799,2895,P12,,-1,-777.83,negative value in quantity
9811,2898,P7,,-1,-3760.37,negative value in quantity
9825,2902,P20,,-1,-1985.36,negative value in quantity
9832,2903,P13,3,-1,-2518.23,negative value in quantity
9840,2905,P24,,-1,-2810.81,negative value in quantity
9871,2916,P3,5,-1,-800.07,negative value in quantity
9873,2917,P18,2,-1,-3434.36,negative value in quantity
9880,2919,P28,2,-1,-4435.46,negative value in quantity
9900,2924,P54,,-1,-4928.07,negative value in quantity
9902,2925,P45,,-1,-1932.18,negative value in quantity
9918,2929,P58,,-1,-2880.05,negative value in quantity
9930,2935,P48,,-1,-4619.93,negative value in quantity
9962,2946,P48,,-1,-4619.93,negative value in quantity
9967,2947,P8,,-1,-2199.33,negative value in quantity
9974,2950,P15,,-1,-4319.4,negative value in quantity
9984,2953,P10,,-1,-1873.78,negative value in quantity
9989,2954,P36,,-1,-3626.44,negative value in quantity
9991,2954,P69,2,-1,-3072.31,negative value in quantity
10024,2963,P42,,-1,-4224.18,negative value in quantity
10035,2965,P58,,-1,-2880.05,negative value in quantity
10055,2974,P25,2,-1,-4717.91,negative value in quantity
10078,2982,P2,,-1,-3249.97,negative value in quantity
10105,2988,P2,,-1,-3249.97,negative value in quantity
10111,2989,P53,1,-1,-1878.61,negative value in quantity
10131,2996,P18,,-1,-3434.36,negative value in quantity
10162,3005,P78,,-1,-4508.11,negative value in quantity
10163,3006,P28,4,-1,-4435.46,negative value in quantity
10166,3007,P68,2,-1,-2685.6,negative value in quantity
10169,3008,P3,1,-1,-800.07,negative value in quantity
10173,3009,P22,,-1,-2393.44,negative value in quantity
10175,3010,P20,,-1,-1985.36,negative value in quantity
10178,3010,P1,1,-1,-4434.95,negative value in quantity
10181,3012,P65,4,-1,-3332.78,negative value in quantity
10200,3018,P10,,-1,-1873.78,negative value in quantity
10206,3020,P66,,-1,-4739.56,negative value in quantity
10225,3025,P24,,-1,-2810.81,negative value in quantity
10249,3033,P10,,-1,-1873.78,negative value in quantity
10268,3039,P67,,-1,-909.12,negative value in quantity
10270,3039,P12,,-1,-777.83,negative value in quantity
10271,3040,P1,4,-1,-4434.95,negative value in quantity
10275,3041,P25,,-1,-4717.91,negative value in quantity
10296,3047,P3,5,-1,-800.07,negative value in quantity
10315,3056,P54,,-1,-4928.07,negative value in quantity
10325,3059,P49,3,-1,-4600.62,negative value in quantity
10330,3060,P63,5,-1,-2710.26,negative value in quantity
10343,3062,P57,,-1,-1280.27,negative value in quantity
10349,3063,P33,1,-1,-874.97,negative value in quantity
10367,3069,P47,,-1,-4772.15,negative value in quantity
10381,3071,P32,,-1,-1538.15,negative value in quantity
10400,3077,P36,,-1,-3626.44,negative value in quantity
10410,3079,P47,,-1,-4772.15,negative value in quantity
10415,3080,P2,,-1,-3249.97,negative value in quantity
10428,3085,P24,,-1,-2810.81,negative value in quantity
10449,3094,P70,,-1,-4825.38,negative value in quantity
10457,3096,P7,,-1,-3760.37,negative value in quantity
10462,3098,P75,,-1,-2055.06,negative value in quantity
10463,3098,P6,1,-1,-2740.99,negative value in quantity
10469,3100,P18,,-1,-3434.36,negative value in quantity
10482,3105,P33,,-1,-874.97,negative value in quantity
10524,3121,P28,,-1,-4435.46,negative value in quantity
10528,3123,P4,,-1,-784.19,negative value in quantity
10571,3135,P36,,-1,-3626.44,negative value in quantity
10574,3137,P68,,-1,-2685.6,negative value in quantity
10582,3139,P14,,-1,-3803.33,negative value in quantity
10586,3141,P37,,-1,-4862.25,negative value in quantity
10607,3148,P18,,-1,-3434.36,negative value in quantity
10617,3151,P44,4,-1,-1074.66,negative value in quantity
10653,3161,P36,2,-1,-3626.44,negative value in quantity
10667,3165,P50,5,-1,-3034.83,negative value in quantity
10682,3168,P24,5,-1,-2810.81,negative value in quantity
10693,3173,P25,3,-1,-4717.91,negative value in quantity
10694,3173,INVALID_P,,-1,-2684.87,negative value in quantity
10718,3180,P13,,-1,-2518.23,negative value in quantity
10746,3190,P70,4,-1,-4825.38,negative value in quantity
10761,3193,P24,3,-1,-2810.81,negative value in quantity
10764,3193,P43,,-1,-2587.55,negative value in quantity
10767,3194,P40,1,-1,-621.41,negative value in quantity
10801,3204,P54,,-1,-4928.07,negative value in quantity
10823,3213,P44,,-1,-1074.66,negative value in quantity
10835,3218,P26,,-1,-3433.39,negative value in quantity
10846,3223,INVALID_P,,-1,-3337.05,negative value in quantity
10855,3225,P42,,-1,-4224.18,negative value in quantity
10856,3226,P58,,-1,-2880.05,negative value in quantity
10860,3226,P46,1,-1,-891.59,negative value in quantity
10881,3234,P28,,-1,-4435.46,negative value in quantity
10882,3234,P24,,-1,-2810.81,negative value in quantity
10885,3234,P56,,-1,-1273.32,negative value in quantity
10891,3236,P70,,-1,-4825.38,negative value in quantity
10918,3246,P50,,-1,-3034.83,negative value in quantity
10944,3254,P80,5,-1,-1314.74,negative value in quantity
10947,3255,INVALID_P,,-1,-3292.71,negative value in quantity
10966,3260,P57,1,-1,-1280.27,negative value in quantity
10967,3260,P15,2,-1,-4319.4,negative value in quantity
10980,3263,P34,4,-1,-115.9,negative value in quantity
10985,3264,P14,,-1,-3803.33,negative value in quantity
10986,3264,P15,,-1,-4319.4,negative value in quantity
11030,3278,P32,,-1,-1538.15,negative value in quantity
11036,3280,P44,,-1,-1074.66,negative value in quantity
11046,3285,P55,1,-1,-4053.2,negative value in quantity
11057,3289,P31,1,-1,-1766.86,negative value in quantity
11077,3294,INVALID_P,,-1,-281.24,negative value in quantity
11099,3302,P34,2,-1,-115.9,negative value in quantity
11107,3306,P53,3,-1,-1878.61,negative value in quantity
11108,3307,P75,,-1,-2055.06,negative value in quantity
11119,3310,P64,2,-1,-716.23,negative value in quantity
11120,3310,P47,2,-1,-4772.15,negative value in quantity
11143,3316,P25,,-1,-4717.91,negative value in quantity
11147,3316,P56,4,-1,-1273.32,negative value in quantity
11153,3319,P4,3,-1,-784.19,negative value in quantity
11184,3329,P20,5,-1,-1985.36,negative value in quantity
11187,3329,P6,5,-1,-2740.99,negative value in quantity
11189,3329,P8,,-1,-2199.33,negative value in quantity
11191,3330,P69,5,-1,-3072.31,negative value in quantity
11193,3331,P32,,-1,-1538.15,negative value in quantity
11200,3332,P1,,-1,-4434.95,negative value in quantity
11221,3338,P32,3,-1,-1538.15,negative value in quantity
11236,3343,P61,3,-1,-4098.51,negative value in quantity
11241,3345,INVALID_P,5,-1,-4553.05,negative value in quantity
11273,3353,P1,,-1,-4434.95,negative value in quantity
11295,3360,P4,2,-1,-784.19,negative value in quantity
11333,3371,P80,1,-1,-1314.74,negative value in quantity
11338,3372,P75,,-1,-2055.06,negative value in quantity
11367,3382,P67,,-1,-909.12,negative value in quantity
11373,3383,INVALID_P,5,-1,-3816.5,negative value in quantity
11374,3384,P76,,-1,-3391.27,negative value in quantity
11378,3386,P18,1,-1,-3434.36,negative value in quantity
11382,3387,P42,,-1,-4224.18,negative value in quantity
11383,3387,P16,3,-1,-848.92,negative value in quantity
11389,3389,P5,2,-1,-3750.45,negative value in quantity
11392,3389,P63,,-1,-2710.26,negative value in quantity
11398,3390,P74,2,-1,-3593.45,negative value in quantity
11429,3398,P62,2,-1,-4892.12,negative value in quantity
11444,3404,P70,,-1,-4825.38,negative value in quantity
11445,3404,P58,,-1,-2880.05,negative value in quantity
11452,3406,P12,2,-1,-777.83,negative value in quantity
11478,3413,P11,1,-1,-4986.9,negative value in quantity
11499,3417,P35,1,-1,-3638.25,negative value in quantity
11516,3422,P61,4,-1,-4098.51,negative value in quantity
11528,3426,P41,,-1,-3163.97,negative value in quantity
11569,3440,P50,,-1,-3034.83,negative value in quantity
11593,3449,P57,,-1,-1280.27,negative value in quantity
11608,3453,P68,,-1,-2685.6,negative value in quantity
11618,3456,P19,,-1,-3022.4,negative value in quantity
11623,3460,P4,,-1,-784.19,negative value in quantity
11654,3469,P35,4,-1,-3638.25,negative value in quantity
11663,3472,P29,,-1,-3779.3,negative value in quantity
11667,3474,P43,5,-1,-2587.55,negative value in quantity
11687,3480,P6,,-1,-2740.99,negative value in quantity
11691,3481,P58,3,-1,-2880.05,negative value in quantity
11702,3485,P22,2,-1,-2393.44,negative value in quantity
11705,3486,P23,5,-1,-1331.93,negative value in quantity
11717,3490,P66,4,-1,-4739.56,negative value in quantity
11725,3493,P74,,-1,-3593.45,negative value in quantity
11735,3496,P74,,-1,-3593.45,negative value in quantity
11778,3508,P41,1,-1,-3163.97,negative value in quantity
11795,3511,P51,,-1,-2494.17,negative value in quantity
11811,3517,P44,,-1,-1074.66,negative value in quantity
11833,3525,P5,5,-1,-3750.45,negative value in quantity
11834,3526,P4,1,-1,-784.19,negative value in quantity
11847,3530,P20,1,-1,-1985.36,negative value in quantity
11853,3530,P2,2,-1,-3249.97,negative value in quantity
11857,3531,P5,3,-1,-3750.45,negative value in quantity
11868,3535,P77,,-1,-1929.76,negative value in quantity
11874,3537,P43,,-1,-2587.55,negative value in quantity
11887,3542,P68,,-1,-2685.6,negative value in quantity
11934,3556,P14,5,-1,-3803.33,negative value in quantity
11949,3558,P39,,-1,-2587.64,negative value in quantity
11953,3559,P42,4,-1,-4224.18,negative value in quantity
11966,3562,P8,,-1,-2199.33,negative value in quantity
11989,3568,P30,,-1,-3866.13,negative value in quantity
12001,3570,P73,,-1,-3480.35,negative value in quantity
12019,3575,P42,,-1,-4224.18,negative value in quantity
12048,3583,P74,,-1,-3593.45,negative value in quantity
12064,3585,P75,,-1,-2055.06,negative value in quantity
12081,3590,P32,,-1,-1538.15,negative value in quantity
12083,3591,P29,,-1,-3779.3,negative value in quantity
12087,3592,P55,,-1,-4053.2,negative value in quantity
12091,3594,P77,,-1,-1929.76,negative value in quantity
12123,3598,P65,,-1,-3332.78,negative value in quantity
12124,3599,P34,,-1,-115.9,negative value in quantity
12167,3612,P73,5,-1,-3480.35,negative value in quantity
12191,3618,P20,,-1,-1985.36,negative value in quantity
12202,3624,P70,4,-1,-4825.38,negative value in quantity
12203,3625,P58,3,-1,-2880.05,negative value in quantity
12232,3632,P67,1,-1,-909.12,negative value in quantity
12242,3635,P43,,-1,-2587.55,negative value in quantity
12260,3640,P78,5,-1,-4508.11,negative value in quantity
12265,3642,P36,,-1,-3626.44,negative value in quantity
12281,3644,P25,,-1,-4717.91,negative value in quantity
12339,3666,P28,,-1,-4435.46,negative value in quantity
12351,3669,P37,2,-1,-4862.25,negative value in quantity
12356,3670,P4,,-1,-784.19,negative value in quantity
12360,3671,P66,,-1,-4739.56,negative value in quantity
12369,3675,P43,4,-1,-2587.55,negative value in quantity
12378,3676,P4,,-1,-784.19,negative value in quantity
12396,3680,P77,4,-1,-1929.76,negative value in quantity
12400,3681,P71,5,-1,-4651.68,negative value in quantity
12401,3682,P30,,-1,-3866.13,negative value in quantity
12407,3684,P63,,-1,-2710.26,negative value in quantity
12417,3686,P56,,-1,-1273.32,negative value in quantity
12422,3688,P40,5,-1,-621.41,negative value in quantity
12433,3692,P6,,-1,-2740.99,negative value in quantity
12459,3698,P20,,-1,-1985.36,negative value in quantity
12461,3700,P79,,-1,-2312.28,negative value in quantity
12464,3701,P5,,-1,-3750.45,negative value in quantity
12466,3701,P71,,-1,-4651.68,negative value in quantity
12479,3705,P22,,-1,-2393.44,negative value in quantity
12500,3710,P70,,-1,-4825.38,negative value in quantity
12501,3710,P14,,-1,-3803.33,negative value in quantity
12515,3713,P68,,-1,-2685.6,negative value in quantity
12552,3728,P35,5,-1,-3638.25,negative value in quantity
12556,3728,P50,,-1,-3034.83,negative value in quantity
12601,3742,P15,5,-1,-4319.4,negative value in quantity
12605,3743,P58,,-1,-2880.05,negative value in quantity
12609,3743,P80,5,-1,-1314.74,negative value in quantity
12661,3758,P6,,-1,-2740.99,negative value in quantity
12672,3763,P63,,-1,-2710.26,negative value in quantity
12679,3765,P75,4,-1,-2055.06,negative value in quantity
12698,3772,P12,,-1,-777.83,negative value in quantity
12727,3778,P26,1,-1,-3433.39,negative value in quantity
12747,3783,P48,,-1,-4619.93,negative value in quantity
12748,3784,P65,,-1,-3332.78,negative value in quantity
12781,3796,P71,,-1,-4651.68,negative value in quantity
12797,3800,P20,,-1,-1985.36,negative value in quantity
12803,3803,P2,4,-1,-3249.97,negative value in quantity
12812,3805,P56,2,-1,-1273.32,negative value in quantity
12834,3812,P29,,-1,-3779.3,negative value in quantity
12848,3817,P47,3,-1,-4772.15,negative value in quantity
12850,3817,P52,,-1,-648.15,negative value in quantity
12857,3820,P2,,-1,-3249.97,negative value in quantity
12869,3823,P50,2,-1,-3034.83,negative value in quantity
12883,3826,P43,1,-1,-2587.55,negative value in quantity
12884,3826,P16,2,-1,-848.92,negative value in quantity
12891,3828,P5,,-1,-3750.45,negative value in quantity
12895,3829,P56,,-1,-1273.32,negative value in quantity
12924,3838,P1,4,-1,-4434.95,negative value in quantity
12928,3840,P18,3,-1,-3434.36,negative value in quantity
12955,3851,P20,5,-1,-1985.36,negative value in quantity
12961,3854,P60,,-1,-3686.35,negative value in quantity
12965,3855,P16,,-1,-848.92,negative value in quantity
12975,3858,P63,1,-1,-2710.26,negative value in quantity
12979,3858,P24,3,-1,-2810.81,negative value in quantity
12988,3862,P46,,-1,-891.59,negative value in quantity
12999,3864,P18,2,-1,-3434.36,negative value in quantity
13006,3867,P69,3,-1,-3072.31,negative value in quantity
13030,3873,P69,3,-1,-3072.31,negative value in quantity
13047,3877,P49,,-1,-4600.62,negative value in quantity
13054,3879,P6,,-1,-2740.99,negative value in quantity
13059,3880,P75,,-1,-2055.06,negative value in quantity
13069,3882,P12,4,-1,-777.83,negative value in quantity
13078,3884,P75,1,-1,-2055.06,negative value in quantity
13080,3885,INVALID_P,1,-1,-1608.12,negative value in quantity
13096,3888,P30,,-1,-3866.13,negative value in quantity
13098,3888,P63,4,-1,-2710.26,negative value in quantity
13103,3890,P55,,-1,-4053.2,negative value in quantity
13104,3890,P58,1,-1,-2880.05,negative value in quantity
13112,3892,P77,,-1,-1929.76,negative value in quantity
13126,3895,P66,4,-1,-4739.56,negative value in quantity
13127,3895,P34,,-1,-115.9,negative value in quantity
13130,3896,P46,2,-1,-891.59,negative value in quantity
13142,3901,P54,,-1,-4928.07,negative value in quantity
13155,3904,P51,,-1,-2494.17,negative value in quantity
13183,3912,P18,,-1,-3434.36,negative value in quantity
13186,3913,P77,,-1,-1929.76,negative value in quantity
13197,3915,P58,,-1,-2880.05,negative value in quantity
13198,3915,P70,2,-1,-4825.38,negative value in quantity
13201,3916,P63,5,-1,-2710.26,negative value in quantity
13205,3917,P45,,-1,-1932.18,negative value in quantity
13207,3919,P12,4,-1,-777.83,negative value in quantity
13212,3921,P45,,-1,-1932.18,negative value in quantity
13215,3921,P32,,-1,-1538.15,negative value in quantity
13222,3924,P8,,-1,-2199.33,negative value in quantity
13227,3926,P8,3,-1,-2199.33,negative value in quantity
13241,3931,P8,,-1,-2199.33,negative value in quantity
13249,3934,P34,3,-1,-115.9,negative value in quantity
13272,3940,P32,,-1,-1538.15,negative value in quantity
13274,3941,P26,,-1,-3433.39,negative value in quantity
13280,3945,P58,,-1,-2880.05,negative value in quantity
13288,3948,P14,,-1,-3803.33,negative value in quantity
13310,3956,P26,,-1,-3433.39,negative value in quantity
13323,3960,P28,,-1,-4435.46,negative value in quantity
13324,3961,P15,,-1,-4319.4,negative value in quantity
13325,3961,P30,,-1,-3866.13,negative value in quantity
13331,3963,P34,4,-1,-115.9,negative value in quantity
13334,3965,P41,4,-1,-3163.97,negative value in quantity
13337,3965,P24,4,-1,-2810.81,negative value in quantity
13360,3969,P4,,-1,-784.19,negative value in quantity
13364,3971,P31,2,-1,-1766.86,negative value in quantity
13374,3976,P5,,-1,-3750.45,negative value in quantity
13386,3978,P68,,-1,-2685.6,negative value in quantity
13391,3981,P22,2,-1,-2393.44,negative value in quantity
13408,3985,P58,1,-1,-2880.05,negative value in quantity
13442,3996,P8,,-1,-2199.33,negative value in quantity
13447,3998,P22,4,-1,-2393.44,negative value in quantity
13501,4011,P16,,-1,-848.92,negative value in quantity
13502,4011,P35,,-1,-3638.25,negative value in quantity
13515,4015,P35,5,-1,-3638.25,negative value in quantity
13552,4024,P28,,-1,-4435.46,negative value in quantity
13561,4027,P29,,-1,-3779.3,negative value in quantity
13570,4029,P34,,-1,-115.9,negative value in quantity
13598,4038,P43,,-1,-2587.55,negative value in quantity
13605,4041,P66,,-1,-4739.56,negative value in quantity
13618,4044,P46,,-1,-891.59,negative value in quantity
13625,4046,P42,,-1,-4224.18,negative value in quantity
13651,4051,P76,3,-1,-3391.27,negative value in quantity
13668,4056,P66,,-1,-4739.56,negative value in quantity
13677,4057,P14,,-1,-3803.33,negative value in quantity
13679,4058,P78,,-1,-4508.11,negative value in quantity
13693,4063,P45,4,-1,-1932.18,negative value in quantity
13696,4063,P77,,-1,-1929.76,negative value in quantity
13722,4072,P25,,-1,-4717.91,negative value in quantity
13724,4073,P42,,-1,-4224.18,negative value in quantity
13732,4074,P18,,-1,-3434.36,negative value in quantity
13745,4078,P13,,-1,-2518.23,negative value in quantity
13756,4079,P1,5,-1,-4434.95,negative value in quantity
13761,4081,P76,3,-1,-3391.27,negative value in quantity
13769,4084,P74,3,-1,-3593.45,negative value in quantity
13780,4087,P20,3,-1,-1985.36,negative value in quantity
13783,4088,P56,,-1,-1273.32,negative value in quantity
13798,4092,P27,,-1,-661.3,negative value in quantity
13812,4095,P32,3,-1,-1538.15,negative value in quantity
13829,4101,P49,,-1,-4600.62,negative value in quantity
13849,4105,P15,,-1,-4319.4,negative value in quantity
13861,4110,P44,,-1,-1074.66,negative value in quantity
13863,4112,P58,5,-1,-2880.05,negative value in quantity
13866,4112,P4,,-1,-784.19,negative value in quantity
13880,4116,INVALID_P,,-1,-3264.34,negative value in quantity
13888,4117,P26,,-1,-3433.39,negative value in quantity
13898,4120,P77,4,-1,-1929.76,negative value in quantity
13915,4126,P52,1,-1,-648.15,negative value in quantity
13969,4142,P48,,-1,-4619.93,negative value in quantity
13984,4148,P63,,-1,-2710.26,negative value in quantity
13989,4149,P52,,-1,-648.15,negative value in quantity
13994,4150,P20,,-1,-1985.36,negative value in quantity
14001,4151,P46,,-1,-891.59,negative value in quantity
14024,4159,INVALID_P,1,-1,-3961.82,negative value in quantity
14063,4171,P22,1,-1,-2393.44,negative value in quantity
14070,4174,P19,,-1,-3022.4,negative value in quantity
14075,4174,P18,4,-1,-3434.36,negative value in quantity
14085,4177,P69,,-1,-3072.31,negative value in quantity
14086,4177,P75,2,-1,-2055.06,negative value in quantity
14099,4180,P55,3,-1,-4053.2,negative value in quantity
14106,4181,P31,,-1,-1766.86,negative value in quantity
14133,4188,P28,,-1,-4435.46,negative value in quantity
14162,4195,P23,,-1,-1331.93,negative value in quantity
14180,4202,P73,,-1,-3480.35,negative value in quantity
14182,4202,P57,,-1,-1280.27,negative value in quantity
14184,4203,P13,,-1,-2518.23,negative value in quantity
14189,4205,P35,,-1,-3638.25,negative value in quantity
14192,4206,P71,1,-1,-4651.68,negative value in quantity
14193,4206,P77,,-1,-1929.76,negative value in quantity
14199,4208,P39,5,-1,-2587.64,negative value in quantity
14212,4210,P53,,-1,-1878.61,negative value in quantity
14221,4212,P67,4,-1,-909.12,negative value in quantity
14222,4213,P34,,-1,-115.9,negative value in quantity
14239,4218,P78,,-1,-4508.11,negative value in quantity
14240,4218,P49,,-1,-4600.62,negative value in quantity
14246,4220,P56,1,-1,-1273.32,negative value in quantity
14266,4225,P67,,-1,-909.12,negative value in quantity
14288,4230,P58,,-1,-2880.05,negative value in quantity
14289,4230,P67,,-1,-909.12,negative value in quantity
14293,4232,P1,,-1,-4434.95,negative value in quantity
14310,4236,P71,,-1,-4651.68,negative value in quantity
14314,4236,P57,,-1,-1280.27,negative value in quantity
14315,4236,P41,,-1,-3163.97,negative value in quantity
14319,4238,P60,,-1,-3686.35,negative value in quantity
14342,4244,P7,4,-1,-3760.37,negative value in quantity
14350,4246,P22,5,-1,-2393.44,negative value in quantity
14359,4247,P23,3,-1,-1331.93,negative value in quantity
14376,4255,P67,5,-1,-909.12,negative value in quantity
14388,4258,P44,3,-1,-1074.66,negative value in quantity
14398,4259,P57,1,-1,-1280.27,negative value in quantity
14407,4261,P42,1,-1,-4224.18,negative value in quantity
14417,4262,P54,,-1,-4928.07,negative value in quantity
14437,4266,P7,,-1,-3760.37,negative value in quantity
14468,4273,P49,,-1,-4600.62,negative value in quantity
14481,4276,P3,,-1,-800.07,negative value in quantity
14502,4280,P1,,-1,-4434.95,negative value in quantity
14505,4281,P32,1,-1,-1538.15,negative value in quantity
14511,4283,P58,4,-1,-2880.05,negative value in quantity
14512,4283,P14,,-1,-3803.33,negative value in quantity
14529,4290,P4,1,-1,-784.19,negative value in quantity
14532,4290,P79,2,-1,-2312.28,negative value in quantity
14537,4291,P54,,-1,-4928.07,negative value in quantity
14548,4295,P46,3,-1,-891.59,negative value in quantity
14552,4297,P58,,-1,-2880.05,negative value in quantity
14554,4298,P16,2,-1,-848.92,negative value in quantity
14555,4298,P32,2,-1,-1538.15,negative value in quantity
14562,4301,P38,5,-1,-3833.61,negative value in quantity
14563,4301,P21,4,-1,-3019.85,negative value in quantity
14568,4303,P68,,-1,-2685.6,negative value in quantity
14577,4305,P66,,-1,-4739.56,negative value in quantity
14585,4307,P9,,-1,-2959.31,negative value in quantity
14602,4312,P67,,-1,-909.12,negative value in quantity
14620,4316,P42,,-1,-4224.18,negative value in quantity
14636,4319,P59,5,-1,-485.91,negative value in quantity
14639,4320,P28,,-1,-4435.46,negative value in quantity
14676,4331,P39,3,-1,-2587.64,negative value in quantity
14697,4339,P55,1,-1,-4053.2,negative value in quantity
14715,4345,P34,,-1,-115.9,negative value in quantity
14740,4350,P25,2,-1,-4717.91,negative value in quantity
14741,4350,P61,,-1,-4098.51,negative value in quantity
14782,4363,P31,,-1,-1766.86,negative value in quantity
14802,4369,P55,,-1,-4053.2,negative value in quantity
14809,4371,P61,,-1,-4098.51,negative value in quantity
14818,4373,P49,,-1,-4600.62,negative value in quantity
14822,4373,P2,3,-1,-3249.97,negative value in quantity
14830,4375,P48,,-1,-4619.93,negative value in quantity
14839,4378,P7,,-1,-3760.37,negative value in quantity
14845,4380,P35,,-1,-3638.25,negative value in quantity
14852,4382,P14,3,-1,-3803.33,negative value in quantity
14875,4389,P1,,-1,-4434.95,negative value in quantity
14901,4396,P69,,-1,-3072.31,negative value in quantity
14915,4399,P48,2,-1,-4619.93,negative value in quantity
14920,4401,P15,3,-1,-4319.4,negative value in quantity
14928,4402,P67,,-1,-909.12,negative value in quantity
14929,4402,P6,,-1,-2740.99,negative value in quantity
14936,4404,P58,5,-1,-2880.05,negative value in quantity
14965,4418,P52,,-1,-648.15,negative value in quantity
14974,4420,P76,2,-1,-3391.27,negative value in quantity
14986,4422,P52,,-1,-648.15,negative value in quantity
14996,4425,P2,,-1,-3249.97,negative value in quantity
15010,4431,P26,2,-1,-3433.39,negative value in quantity
15015,4432,P72,,-1,-3800.8,negative value in quantity
15016,4433,P61,,-1,-4098.51,negative value in quantity
15027,4436,P16,4,-1,-848.92,negative value in quantity
15032,4436,P72,5,-1,-3800.8,negative value in quantity
15036,4437,P22,4,-1,-2393.44,negative value in quantity
15039,4438,P36,,-1,-3626.44,negative value in quantity
15049,4440,P62,5,-1,-4892.12,negative value in quantity
15065,4445,P25,3,-1,-4717.91,negative value in quantity
15086,4452,P24,,-1,-2810.81,negative value in quantity
15091,4452,P73,,-1,-3480.35,negative value in quantity
15098,4454,P13,4,-1,-2518.23,negative value in quantity
15101,4454,P60,1,-1,-3686.35,negative value in quantity
15130,4462,P52,3,-1,-648.15,negative value in quantity
15134,4464,P55,4,-1,-4053.2,negative value in quantity
15159,4472,P60,,-1,-3686.35,negative value in quantity
15161,4473,INVALID_P,,-1,-2257.7,negative value in quantity
15166,4473,P33,5,-1,-874.97,negative value in quantity
15176,4477,P69,2,-1,-3072.31,negative value in quantity
15185,4480,P69,,-1,-3072.31,negative value in quantity
15188,4481,P6,,-1,-2740.99,negative value in quantity
15211,4486,P33,1,-1,-874.97,negative value in quantity
15215,4487,P71,,-1,-4651.68,negative value in quantity
15239,4495,P48,2,-1,-4619.93,negative value in quantity
15241,4496,P45,,-1,-1932.18,negative value in quantity
15275,4509,P10,,-1,-1873.78,negative value in quantity
15283,4512,P31,,-1,-1766.86,negative value in quantity
15311,4520,P66,1,-1,-4739.56,negative value in quantity
15318,4524,P78,,-1,-4508.11,negative value in quantity
15322,4526,P24,,-1,-2810.81,negative value in quantity
15326,4527,P16,,-1,-848.92,negative value in quantity
15333,4529,P13,,-1,-2518.23,negative value in quantity
15363,4537,P71,,-1,-4651.68,negative value in quantity
15378,4542,P56,5,-1,-1273.32,negative value in quantity
15405,4549,P6,2,-1,-2740.99,negative value in quantity
15415,4551,P70,,-1,-4825.38,negative value in quantity
15418,4552,P58,,-1,-2880.05,negative value in quantity
15420,4552,P27,,-1,-661.3,negative value in quantity
15477,4569,P15,3,-1,-4319.4,negative value in quantity
15500,4574,P55,4,-1,-4053.2,negative value in quantity
15518,4578,P72,4,-1,-3800.8,negative value in quantity
15524,4580,P30,4,-1,-3866.13,negative value in quantity
15528,4581,P62,,-1,-4892.12,negative value in quantity
15546,4588,P30,2,-1,-3866.13,negative value in quantity
15578,4598,P60,3,-1,-3686.35,negative value in quantity
15589,4601,INVALID_P,3,-1,-506.22,negative value in quantity
15602,4606,P11,4,-1,-4986.9,negative value in quantity
15613,4609,P17,,-1,-883.91,negative value in quantity
15617,4610,P71,,-1,-4651.68,negative value in quantity
15618,4610,P48,,-1,-4619.93,negative value in quantity
15622,4610,P30,1,-1,-3866.13,negative value in quantity
15630,4614,P14,5,-1,-3803.33,negative value in quantity
15654,4618,P73,,-1,-3480.35,negative value in quantity
15655,4619,P59,5,-1,-485.91,negative value in quantity
15674,4626,P30,1,-1,-3866.13,negative value in quantity
15685,4628,P12,,-1,-777.83,negative value in quantity
15690,4630,P10,2,-1,-1873.78,negative value in quantity
15696,4632,P74,,-1,-3593.45,negative value in quantity
15713,4636,P4,5,-1,-784.19,negative value in quantity
15720,4638,P2,,-1,-3249.97,negative value in quantity
15762,4651,P26,,-1,-3433.39,negative value in quantity
15765,4652,P16,,-1,-848.92,negative value in quantity
15774,4655,P42,,-1,-4224.18,negative value in quantity
15783,4657,P41,,-1,-3163.97,negative value in quantity
15812,4667,P40,3,-1,-621.41,negative value in quantity
15822,4669,P26,2,-1,-3433.39,negative value in quantity
15846,4677,P29,2,-1,-3779.3,negative value in quantity
15861,4680,P14,,-1,-3803.33,negative value in quantity
15903,4695,P14,,-1,-3803.33,negative value in quantity
15911,4697,P78,2,-1,-4508.11,negative value in quantity
15974,4716,P25,2,-1,-4717.91,negative value in quantity
15984,4720,P28,,-1,-4435.46,negative value in quantity
15991,4721,P57,,-1,-1280.27,negative value in quantity
15993,4722,P15,,-1,-4319.4,negative value in quantity
16000,4723,P58,,-1,-2880.05,negative value in quantity
16005,4725,P9,3,-1,-2959.31,negative value in quantity
16006,4725,P70,1,-1,-4825.38,negative value in quantity
16007,4725,P53,,-1,-1878.61,negative value in quantity
16015,4728,P7,2,-1,-3760.37,negative value in quantity
16035,4736,P45,5,-1,-1932.18,negative value in quantity
16038,4738,P62,,-1,-4892.12,negative value in quantity
16052,4740,P67,,-1,-909.12,negative value in quantity
16070,4747,P41,,-1,-3163.97,negative value in quantity
16085,4750,P62,,-1,-4892.12,negative value in quantity
16094,4753,P73,,-1,-3480.35,negative value in quantity
16097,4755,P64,2,-1,-716.23,negative value in quantity
16103,4758,P7,,-1,-3760.37,negative value in quantity
16110,4760,P66,,-1,-4739.56,negative value in quantity
16112,4761,P34,,-1,-115.9,negative value in quantity
16131,4767,P71,,-1,-4651.68,negative value in quantity
16135,4768,P66,,-1,-4739.56,negative value in quantity
16145,4771,P52,,-1,-648.15,negative value in quantity
16155,4776,P10,,-1,-1873.78,negative value in quantity
16157,4776,P36,,-1,-3626.44,negative value in quantity
16160,4777,P68,1,-1,-2685.6,negative value in quantity
16167,4780,P41,3,-1,-3163.97,negative value in quantity
16181,4787,P18,,-1,-3434.36,negative value in quantity
16200,4793,P59,,-1,-485.91,negative value in quantity
16201,4793,P25,,-1,-4717.91,negative value in quantity
16212,4796,P66,,-1,-4739.56,negative value in quantity
16259,4810,P71,,-1,-4651.68,negative value in quantity
16271,4814,P80,,-1,-1314.74,negative value in quantity
16275,4815,P27,,-1,-661.3,negative value in quantity
16281,4816,P4,,-1,-784.19,negative value in quantity
16286,4817,P54,,-1,-4928.07,negative value in quantity
16297,4821,P41,,-1,-3163.97,negative value in quantity
16298,4821,P76,,-1,-3391.27,negative value in quantity
16299,4821,P68,5,-1,-2685.6,negative value in quantity
16308,4823,P55,,-1,-4053.2,negative value in quantity
16351,4835,P16,2,-1,-848.92,negative value in quantity
16352,4835,P58,3,-1,-2880.05,negative value in quantity
16362,4837,P31,1,-1,-1766.86,negative value in quantity
16380,4842,P75,5,-1,-2055.06,negative value in quantity
16387,4845,P43,3,-1,-2587.55,negative value in quantity
16426,4857,P41,,-1,-3163.97,negative value in quantity
16450,4864,P12,1,-1,-777.83,negative value in quantity
16478,4872,P6,,-1,-2740.99,negative value in quantity
16501,4880,P10,,-1,-1873.78,negative value in quantity
16542,4892,P22,3,-1,-2393.44,negative value in quantity
16555,4896,P59,,-1,-485.91,negative value in quantity
16556,4896,P79,,-1,-2312.28,negative value in quantity
16563,4899,P57,,-1,-1280.27,negative value in quantity
16585,4904,P34,,-1,-115.9,negative value in quantity
16613,4910,P78,,-1,-4508.11,negative value in quantity
16642,4921,P52,,-1,-648.15,negative value in quantity
16648,4922,P11,2,-1,-4986.9,negative value in quantity
16652,4924,P13,,-1,-2518.23,negative value in quantity
16670,4928,P12,4,-1,-777.83,negative value in quantity
16675,4930,P29,,-1,-3779.3,negative value in quantity
16679,4931,P27,2,-1,-661.3,negative value in quantity
16680,4931,P61,2,-1,-4098.51,negative value in quantity
16682,4932,P49,,-1,-4600.62,negative value in quantity
16707,4939,P16,,-1,-848.92,negative value in quantity
16743,4950,P16,1,-1,-848.92,negative value in quantity
16756,4952,P40,,-1,-621.41,negative value in quantity
16760,4954,P77,5,-1,-1929.76,negative value in quantity
16763,4954,P28,4,-1,-4435.46,negative value in quantity
16778,4958,P26,,-1,-3433.39,negative value in quantity
16793,4964,P17,,-1,-883.91,negative value in quantity
16825,4975,P6,,-1,-2740.99,negative value in quantity
16832,4978,P32,2,-1,-1538.15,negative value in quantity
16836,4980,INVALID_P,5,-1,-1927.88,negative value in quantity
16872,4992,P63,,-1,-2710.26,negative value in quantity
16892,4996,P22,,-1,-2393.44,negative value in quantity
